"","n","Mean","SD","Median","min","Max","Range","Quantile .25","Quantile .75","Quantile .9"
"NSM",16,-27.430570528,3.73521251135848,-27.4985083375,-33.468415544,-21.111086709,12.357328835,-29.73093650275,-24.87616161825,-22.9838032995
"EPR",16,-0.448854937806868,0.0611204414348536,-0.449966625266184,-0.547654069468304,-0.345447263013763,0.202206806454541,-0.486496540101486,-0.407056352132218,-0.376091105725702
"EPRunc",16,0.067467656834504,0,0.067467656834504,0.067467656834504,0.067467656834504,0,0.067467656834504,0.067467656834504,0.067467656834504
"SCE",16,28.224842288125,3.07927242279007,28.26964463,24.452450686,33.468415544,9.01596485799999,25.49822493825,30.781240783,32.302561046
"LRR",16,-0.363436107215853,0.066344929783797,-0.354065458149035,-0.467404483355189,-0.251871034415657,0.215533448939532,-0.419181225903862,-0.32260089576301,-0.287610651828029
"WLR",16,-0.394875762106062,0.0775286687686528,-0.413459037730616,-0.479320468847915,-0.228561694611212,0.250758774236703,-0.451534131927829,-0.371035225747765,-0.282520159369278
